{"cameraMode":{"drawMode":0,"name":"Shaded","section":"Shading Mode"},"sceneLighting":false,"audioPlay":false,"sceneViewState":{"m_AlwaysRefresh":false,"showFog":true,"showSkybox":false,"showFlares":true,"showImageEffects":true,"showParticleSystems":true,"showVisualEffectGraphs":true,"m_FxEnabled":true},"in2DMode":false,"pivot":{"x":-1.8707668781280518,"y":1.1622354984283448,"z":0.07873916625976563},"rotation":{"x":-0.22139030694961549,"y":-0.06895065307617188,"z":0.015687042847275735,"w":-0.972624659538269},"size":2.8050639629364015,"orthographic":false}