{"cameraMode":{"drawMode":0,"name":"Shaded","section":"Shading Mode"},"sceneLighting":false,"audioPlay":false,"sceneViewState":{"m_AlwaysRefresh":false,"showFog":true,"showSkybox":false,"showFlares":true,"showImageEffects":true,"showParticleSystems":true,"showVisualEffectGraphs":true,"m_FxEnabled":true},"in2DMode":false,"pivot":{"x":-0.14361190795898438,"y":1.4938231706619263,"z":-0.07296979427337647},"rotation":{"x":-0.19754335284233094,"y":-0.15165257453918458,"z":0.030948294326663019,"w":-0.9679991602897644},"size":1.826804280281067,"orthographic":false}