{"cameraMode":{"drawMode":0,"name":"Shaded","section":"Shading Mode"},"sceneLighting":false,"audioPlay":false,"sceneViewState":{"m_AlwaysRefresh":false,"showFog":true,"showSkybox":false,"showFlares":true,"showImageEffects":true,"showParticleSystems":true,"showVisualEffectGraphs":true,"m_FxEnabled":true},"in2DMode":false,"pivot":{"x":0.37604808807373049,"y":0.8959109783172607,"z":1.6675701141357422},"rotation":{"x":-0.16267478466033936,"y":0.1974553018808365,"z":-0.033246442675590518,"w":-0.966149628162384},"size":13.390290260314942,"orthographic":false}