{"cameraMode":{"drawMode":0,"name":"Shaded","section":"Shading Mode"},"sceneLighting":false,"audioPlay":false,"sceneViewState":{"m_AlwaysRefresh":false,"showFog":true,"showSkybox":false,"showFlares":true,"showImageEffects":true,"showParticleSystems":true,"showVisualEffectGraphs":true,"m_FxEnabled":true},"in2DMode":false,"pivot":{"x":0.30533909797668459,"y":1.9434781074523926,"z":0.11105155944824219},"rotation":{"x":-0.22139030694961549,"y":-0.06895065307617188,"z":0.015687042847275735,"w":-0.972624659538269},"size":4.173938274383545,"orthographic":false}